pid,xml
00-1107,https://dblp.uni-trier.de/pid/00/1107.xml
00-1996,https://dblp.org/pid/00/1996.xml
00-9080,https://dblp.org/pid/00/9080.xml
01-3589,https://dblp.org/pid/01/3589.xml
01-4316-1,https://dblp.org/pid/01/4316-1.xml
01-5237,https://dblp.org/pid/01/5237.xml
01-5394-1,https://dblp.uni-trier.de/pid/01/5394-1.xml
01-7213,https://dblp.org/pid/01/7213.xml
01-9014,https://dblp.org/pid/01/9014.xml
02-146,https://dblp.org/pid/02/146.xml
02-3658,https://dblp.org/pid/02/3658.xml
02-4973,https://dblp.uni-trier.de/pid/02/4973.xml
02-7933,https://dblp.uni-trier.de/pid/02/7933.xml
03-10118,https://dblp.uni-trier.de/pid/03/10118.xml
03-4045,https://dblp.uni-trier.de/pid/03/4045.xml
03-505,https://dblp.uni-trier.de/pid/03/505.xml
03-545,https://dblp.org/pid/03/545.xml
03-6105,https://dblp.uni-trier.de/pid/03/6105.xml
03-6702,https://dblp.org/pid/03/6702.xml
04-10606,https://dblp.org/pid/04/10606.xml
04-1538,https://dblp.org/pid/04/1538.xml
04-1835,https://dblp.org/pid/04/1835.xml
04-492,https://dblp.org/pid/04/492.xml
04-5404,https://dblp.org/pid/04/5404.xml
04-7892,https://dblp.org/pid/04/7892.xml
05-10127,https://dblp.uni-trier.de/pid/05/10127.xml
05-10671,https://dblp.org/pid/05/10671.xml
05-1478,https://dblp.org/pid/05/1478.xml
05-264,https://dblp.org/pid/05/264.xml
05-5881,https://dblp.org/pid/05/5881.xml
05-6545,https://dblp.org/pid/05/6545.xml
05-8073-1,https://dblp.org/pid/05/8073-1.xml
06-11411,https://dblp.org/pid/06/11411.xml
06-3456-1,https://dblp.org/pid/06/3456-1.xml
06-4171,https://dblp.uni-trier.de/pid/06/4171.xml
06-8315,https://dblp.org/pid/06/8315.xml
06-8397,https://dblp.org/pid/06/8397.xml
06-900-1,https://dblp.uni-trier.de/pid/06/900-1.xml
06-9379,https://dblp.org/pid/06/9379.xml
07-11533,https://dblp.org/pid/07/11533.xml
07-1181,https://dblp.org/pid/07/1181.xml
07-1560,https://dblp.uni-trier.de/pid/07/1560.xml
07-1751,https://dblp.uni-trier.de/pid/07/1751.xml
07-201-1,https://dblp.org/pid/07/201-1.xml
07-668-2,https://dblp.org/pid/07/668-2.xml
08-1790,https://dblp.uni-trier.de/pid/08/1790.xml
08-3969,https://dblp.org/pid/08/3969.xml
08-4367,https://dblp.uni-trier.de/pid/08/4367.xml
08-4537,https://dblp.org/pid/08/4537.xml
08-5342,https://dblp.uni-trier.de/pid/08/5342.xml
08-6809-1,https://dblp.org/pid/08/6809-1.xml
08-7259,https://dblp.org/pid/08/7259.xml
09-10814,https://dblp.org/pid/09/10814.xml
09-3012,https://dblp.uni-trier.de/pid/09/3012.xml
09-3737,https://dblp.org/pid/09/3737.xml
09-404-1,https://dblp.uni-trier.de/pid/09/404-1.xml
09-6353,https://dblp.org/pid/09/6353.xml
09-7444,https://dblp.org/pid/09/7444.xml
10-11150,https://dblp.org/pid/10/11150.xml
10-5630-1,https://dblp.org/pid/10/5630-1.xml
10-5842,https://dblp.org/pid/10/5842.xml
10-760,https://dblp.org/pid/10/760.xml
11-1466,https://dblp.org/pid/11/1466.xml
11-6409,https://dblp.org/pid/11/6409.xml
11-7555,https://dblp.org/pid/11/7555.xml
11-7631,https://dblp.org/pid/11/7631.xml
115-6264,https://dblp.org/pid/115/6264.xml
116-0694,https://dblp.org/pid/116/0694.xml
116-1678,https://dblp.org/pid/116/1678.xml
116-5135,https://dblp.org/pid/116/5135.xml
117-3757,https://dblp.org/pid/117/3757.xml
117-4298,https://dblp.org/pid/117/4298.xml
117-4872,https://dblp.org/pid/117/4872.xml
117-4879-1,https://dblp.org/pid/117/4879-1.xml
118-3677,https://dblp.org/pid/118/3677.xml
119-0385,https://dblp.org/pid/119/0385.xml
119-1402,https://dblp.uni-trier.de/pid/119/1402.xml
119-7671,https://dblp.org/pid/119/7671.xml
12-1770-5,https://dblp.org/pid/12/1770-5.xml
12-225,https://dblp.org/pid/12/225.xml
12-2633-6,https://dblp.org/pid/12/2633-6.xml
120-7359,https://dblp.org/pid/120/7359.xml
121-4198,https://dblp.org/pid/121/4198.xml
121-4289,https://dblp.org/pid/121/4289.xml
122-5424-2,https://dblp.org/pid/122/5424-2.xml
124-3439,https://dblp.org/pid/124/3439.xml
124-6911,https://dblp.org/pid/124/6911.xml
124-7268,https://dblp.org/pid/124/7268.xml
126-2338-1,https://dblp.org/pid/126/2338-1.xml
126-6015,https://dblp.org/pid/126/6015.xml
127-0138,https://dblp.org/pid/127/0138.xml
127-0162,https://dblp.org/pid/127/0162.xml
127-0212,https://dblp.org/pid/127/0212.xml
127-0779,https://dblp.uni-trier.de/pid/127/0779.xml
127-1469,https://dblp.org/pid/127/1469.xml
127-3025,https://dblp.org/pid/127/3025.xml
127-3163,https://dblp.org/pid/127/3163.xml
127-6172-1,https://dblp.org/pid/127/6172-1.xml
127-6195,https://dblp.org/pid/127/6195.xml
128-2991,https://dblp.org/pid/128/2991.xml
129-1674,https://dblp.org/pid/129/1674.xml
129-6818,https://dblp.uni-trier.de/pid/129/6818.xml
129-6927,https://dblp.org/pid/129/6927.xml
129-8181,https://dblp.org/pid/129/8181.xml
13-1672,https://dblp.org/pid/13/1672.xml
13-4420,https://dblp.org/pid/13/4420.xml
13-5407-5,https://dblp.org/pid/13/5407-5.xml
13-6769-1,https://dblp.uni-trier.de/pid/13/6769-1.xml
13-7406,https://dblp.org/pid/13/7406.xml
13-8165,https://dblp.org/pid/13/8165.xml
13-8730,https://dblp.org/pid/13/8730.xml
130-1013,https://dblp.org/pid/130/1013.xml
130-1705,https://dblp.org/pid/130/1705.xml
130-8167,https://dblp.org/pid/130/8167.xml
131-2926,https://dblp.org/pid/131/2926.xml
131-4047,https://dblp.org/pid/131/4047.xml
131-4202,https://dblp.org/pid/131/4202.xml
131-4377,https://dblp.org/pid/131/4377.xml
131-4767,https://dblp.org/pid/131/4767.xml
131-6284,https://dblp.org/pid/131/6284.xml
131-6619,https://dblp.org/pid/131/6619.xml
131-9481,https://dblp.org/pid/131/9481.xml
131-9628,https://dblp.org/pid/131/9628.xml
132-6943,https://dblp.org/pid/132/6943.xml
132-7581,https://dblp.org/pid/132/7581.xml
133-1954,https://dblp.org/pid/133/1954.xml
133-3638,https://dblp.org/pid/133/3638.xml
133-9910,https://dblp.org/pid/133/9910.xml
134-9031,https://dblp.org/pid/134/9031.xml
135-3665,https://dblp.org/pid/135/3665.xml
135-4661,https://dblp.org/pid/135/4661.xml
135-5141,https://dblp.org/pid/135/5141.xml
135-7623,https://dblp.uni-trier.de/pid/135/7623.xml
136-7882,https://dblp.org/pid/136/7882.xml
136-7969,https://dblp.uni-trier.de/pid/136/7969.xml
137-8445,https://dblp.org/pid/137/8445.xml
137-9588,https://dblp.org/pid/137/9588.xml
139-0855,https://dblp.org/pid/139/0855.xml
139-0871,https://dblp.org/pid/139/0871.xml
139-1128,https://dblp.org/pid/139/1128.xml
139-2312,https://dblp.org/pid/139/2312.xml
139-7506,https://dblp.org/pid/139/7506.xml
139-7927,https://dblp.org/pid/139/7927.xml
14-10147,https://dblp.org/pid/14/10147.xml
14-10827,https://dblp.org/pid/14/10827.xml
14-3692,https://dblp.org/pid/14/3692.xml
14-4251,https://dblp.org/pid/14/4251.xml
14-5155-1,https://dblp.org/pid/14/5155-1.xml
14-6896,https://dblp.org/pid/14/6896.xml
14-716,https://dblp.uni-trier.de/pid/14/716.xml
14-7259,https://dblp.org/pid/14/7259.xml
14-8543,https://dblp.uni-trier.de/pid/14/8543.xml
140-7434,https://dblp.org/pid/140/7434.xml
141-4440,https://dblp.org/pid/141/4440.xml
141-4448,https://dblp.org/pid/141/4448.xml
142-7802,https://dblp.org/pid/142/7802.xml
143-0258-1,https://dblp.org/pid/143/0258-1.xml
143-6186,https://dblp.org/pid/143/6186.xml
143-7236,https://dblp.org/pid/143/7236.xml
145-6329,https://dblp.org/pid/145/6329.xml
146-6282,https://dblp.org/pid/146/6282.xml
146-6971,https://dblp.org/pid/146/6971.xml
147-1186,https://dblp.org/pid/147/1186.xml
147-1189,https://dblp.org/pid/147/1189.xml
147-1195,https://dblp.org/pid/147/1195.xml
147-1198,https://dblp.org/pid/147/1198.xml
147-1241,https://dblp.org/pid/147/1241.xml
147-1263,https://dblp.org/pid/147/1263.xml
147-4971,https://dblp.org/pid/147/4971.xml
147-9053,https://dblp.uni-trier.de/pid/147/9053.xml
149-1281,https://dblp.org/pid/149/1281.xml
149-1789,https://dblp.org/pid/149/1789.xml
149-2405,https://dblp.org/pid/149/2405.xml
149-9304,https://dblp.org/pid/149/9304.xml
15-1669,https://dblp.org/pid/15/1669.xml
150-5229,https://dblp.org/pid/150/5229.xml
150-7163,https://dblp.org/pid/150/7163.xml
151-5215,https://dblp.org/pid/151/5215.xml
151-6417,https://dblp.org/pid/151/6417.xml
151-8293,https://dblp.org/pid/151/8293.xml
152-4895,https://dblp.org/pid/152/4895.xml
152-8201,https://dblp.org/pid/152/8201.xml
154-0932,https://dblp.org/pid/154/0932.xml
154-6336,https://dblp.org/pid/154/6336.xml
155-5478,https://dblp.org/pid/155/5478.xml
156-1280,https://dblp.org/pid/156/1280.xml
157-1134,https://dblp.org/pid/157/1134.xml
158-4862,https://dblp.org/pid/158/4862.xml
158-9207,https://dblp.org/pid/158/9207.xml
159-0466,https://dblp.org/pid/159/0466.xml
159-6520,https://dblp.org/pid/159/6520.xml
159-9386,https://dblp.org/pid/159/9386.xml
16-4915,https://dblp.uni-trier.de/pid/16/4915.xml
16-5085,https://dblp.uni-trier.de/pid/16/5085.xml
16-8981,https://dblp.org/pid/16/8981.xml
160-1053,https://dblp.org/pid/160/1053.xml
160-1741,https://dblp.org/pid/160/1741.xml
160-4306,https://dblp.org/pid/160/4306.xml
161-0113,https://dblp.org/pid/161/0113.xml
162-6966,https://dblp.org/pid/162/6966.xml
162-9092,https://dblp.org/pid/162/9092.xml
163-0449,https://dblp.org/pid/163/0449.xml
163-0545,https://dblp.org/pid/163/0545.xml
163-3911,https://dblp.org/pid/163/3911.xml
164-1401,https://dblp.org/pid/164/1401.xml
164-7451,https://dblp.org/pid/164/7451.xml
166-7652,https://dblp.org/pid/166/7652.xml
166-8411,https://dblp.org/pid/166/8411.xml
167-2106,https://dblp.org/pid/167/2106.xml
167-4770,https://dblp.org/pid/167/4770.xml
167-6469,https://dblp.org/pid/167/6469.xml
168-0294,https://dblp.org/pid/168/0294.xml
168-4993,https://dblp.org/pid/168/4993.xml
168-9023,https://dblp.org/pid/168/9023.xml
169-1390,https://dblp.org/pid/169/1390.xml
169-1501,https://dblp.org/pid/169/1501.xml
169-1808,https://dblp.uni-trier.de/pid/169/1808.xml
169-3246,https://dblp.org/pid/169/3246.xml
169-3419,https://dblp.org/pid/169/3419.xml
169-3426,https://dblp.org/pid/169/3426.xml
169-8184,https://dblp.org/pid/169/8184.xml
17-1242,https://dblp.org/pid/17/1242.xml
17-2536,https://dblp.org/pid/17/2536.xml
17-2778,https://dblp.org/pid/17/2778.xml
17-5085,https://dblp.uni-trier.de/pid/17/5085.xml
17-5910,https://dblp.org/pid/17/5910.xml
170-5430,https://dblp.org/pid/170/5430.xml
171-4868,https://dblp.org/pid/171/4868.xml
172-0874,https://dblp.uni-trier.de/pid/172/0874.xml
172-5536,https://dblp.org/pid/172/5536.xml
172-9415,https://dblp.org/pid/172/9415.xml
173-2707,https://dblp.org/pid/173/2707.xml
173-4598,https://dblp.uni-trier.de/pid/173/4598.xml
174-0021,https://dblp.uni-trier.de/pid/174/0021.xml
174-9539,https://dblp.org/pid/174/9539.xml
175-1473,https://dblp.org/pid/175/1473.xml
177-8852,https://dblp.org/pid/177/8852.xml
178-8590,https://dblp.org/pid/178/8590.xml
179-2728,https://dblp.org/pid/179/2728.xml
18-10886,https://dblp.org/pid/18/10886.xml
18-2478,https://dblp.org/pid/18/2478.xml
18-4087-1,https://dblp.org/pid/18/4087-1.xml
18-4350,https://dblp.org/pid/18/4350.xml
180-3171,https://dblp.org/pid/180/3171.xml
180-5761,https://dblp.org/pid/180/5761.xml
181-2667-5,https://dblp.org/pid/181/2667-5.xml
181-2688-2,https://dblp.org/pid/181/2688-2.xml
181-2689-1,https://dblp.org/pid/181/2689-1.xml
181-5702,https://dblp.org/pid/181/5702.xml
181-5758,https://dblp.org/pid/181/5758.xml
181-5823,https://dblp.org/pid/181/5823.xml
181-9099,https://dblp.org/pid/181/9099.xml
182-0250,https://dblp.org/pid/182/0250.xml
183-0983,https://dblp.org/pid/183/0983.xml
183-5034,https://dblp.org/pid/183/5034.xml
183-8663,https://dblp.org/pid/183/8663.xml
184-2150,https://dblp.org/pid/184/2150.xml
185-1013,https://dblp.org/pid/185/1013.xml
185-4349,https://dblp.org/pid/185/4349.xml
185-9964,https://dblp.org/pid/185/9964.xml
186-1469,https://dblp.org/pid/186/1469.xml
188-6387,https://dblp.org/pid/188/6387.xml
188-7008,https://dblp.org/pid/188/7008.xml
188-9073,https://dblp.org/pid/188/9073.xml
189-2405,https://dblp.org/pid/189/2405.xml
19-1082,https://dblp.org/pid/19/1082.xml
19-189,https://dblp.org/pid/19/189.xml
19-2205,https://dblp.org/pid/19/2205.xml
19-2405-1,https://dblp.org/pid/19/2405-1.xml
19-2546,https://dblp.org/pid/19/2546.xml
19-3011,https://dblp.uni-trier.de/pid/19/3011.xml
19-4428,https://dblp.org/pid/19/4428.xml
19-5099,https://dblp.org/pid/19/5099.xml
190-1709,https://dblp.org/pid/190/1709.xml
190-7921,https://dblp.org/pid/190/7921.xml
191-6085,https://dblp.org/pid/191/6085.xml
192-4560,https://dblp.org/pid/192/4560.xml
193-1652,https://dblp.org/pid/193/1652.xml
194-2827,https://dblp.uni-trier.de/pid/194/2827.xml
194-4909,https://dblp.org/pid/194/4909.xml
198-4308,https://dblp.org/pid/198/4308.xml
198-5418,https://dblp.org/pid/198/5418.xml
199-6298,https://dblp.org/pid/199/6298.xml
199-6350,https://dblp.org/pid/199/6350.xml
20-1055,https://dblp.org/pid/20/1055.xml
20-1969-1,https://dblp.org/pid/20/1969-1.xml
20-2039-18,https://dblp.uni-trier.de/pid/20/2039-18.xml
20-3559,https://dblp.uni-trier.de/pid/20/3559.xml
20-3716,https://dblp.uni-trier.de/pid/20/3716.xml
20-3883,https://dblp.org/pid/20/3883.xml
20-6358,https://dblp.org/pid/20/6358.xml
20-6977-1,https://dblp.org/pid/20/6977-1.xml
20-9622,https://dblp.org/pid/20/9622.xml
20-9709,https://dblp.org/pid/20/9709.xml
20-9870,https://dblp.org/pid/20/9870.xml
200-8321,https://dblp.org/pid/200/8321.xml
200-8759,https://dblp.org/pid/200/8759.xml
201-1097,https://dblp.org/pid/201/1097.xml
203-9710,https://dblp.org/pid/203/9710.xml
204-0158,https://dblp.org/pid/204/0158.xml
204-3779,https://dblp.uni-trier.de/pid/204/3779.xml
205-9137,https://dblp.org/pid/205/9137.xml
206-0032,https://dblp.org/pid/206/0032.xml
206-4549,https://dblp.org/pid/206/4549.xml
21-1048-2,https://dblp.uni-trier.de/pid/21/1048-2.xml
21-10575,https://dblp.org/pid/21/10575.xml
21-1694,https://dblp.uni-trier.de/pid/21/1694.xml
21-3626-36,https://dblp.org/pid/21/3626-36.xml
21-4685,https://dblp.org/pid/21/4685.xml
21-5625,https://dblp.org/pid/21/5625.xml
21-5967,https://dblp.org/pid/21/5967.xml
21-8510,https://dblp.org/pid/21/8510.xml
210-0825,https://dblp.org/pid/210/0825.xml
213-4131,https://dblp.org/pid/213/4131.xml
217-7022,https://dblp.uni-trier.de/pid/217/7022.xml
218-5225,https://dblp.org/pid/218/5225.xml
218-5887,https://dblp.org/pid/218/5887.xml
218-6513,https://dblp.org/pid/218/6513.xml
218-9188,https://dblp.org/pid/218/9188.xml
22-10701,https://dblp.org/pid/22/10701.xml
22-4732,https://dblp.uni-trier.de/pid/22/4732.xml
22-835-1,https://dblp.org/pid/22/835-1.xml
222-3221,https://dblp.org/pid/222/3221.xml
222-9741,https://dblp.org/pid/222/9741.xml
223-3148,https://dblp.uni-trier.de/pid/223/3148.xml
224-5573,https://dblp.org/pid/224/5573.xml
225-2019,https://dblp.org/pid/225/2019.xml
228-2573,https://dblp.org/pid/228/2573.xml
23-1867,https://dblp.uni-trier.de/pid/23/1867.xml
23-1886,https://dblp.org/pid/23/1886.xml
23-2460,https://dblp.org/pid/23/2460.xml
23-282,https://dblp.org/pid/23/282.xml
23-3743,https://dblp.org/pid/23/3743.xml
23-7274,https://dblp.org/pid/23/7274.xml
23-816,https://dblp.org/pid/23/816.xml
230-0570,https://dblp.org/pid/230/0570.xml
237-4617,https://dblp.uni-trier.de/pid/237/4617.xml
24-279,https://dblp.org/pid/24/279.xml
24-788,https://dblp.org/pid/24/788.xml
241-7225,https://dblp.org/pid/241/7225.xml
245-1850,https://dblp.uni-trier.de/pid/245/1850.xml
245-6042,https://dblp.uni-trier.de/pid/245/6042.xml
247-5762,https://dblp.uni-trier.de/pid/247/5762.xml
249-2597,https://dblp.org/pid/249/2597.xml
25-2228,https://dblp.uni-trier.de/pid/25/2228.xml
25-3618,https://dblp.org/pid/25/3618.xml
25-4106,https://dblp.org/pid/25/4106.xml
25-4120-13,https://dblp.uni-trier.de/pid/25/4120-13.xml
25-6583,https://dblp.org/pid/25/6583.xml
25-7045-11,https://dblp.uni-trier.de/pid/25/7045-11.xml
25-7045-12,https://dblp.uni-trier.de/pid/25/7045-12.xml
25-7592,https://dblp.org/pid/25/7592.xml
25-9489,https://dblp.uni-trier.de/pid/25/9489.xml
25-9994,https://dblp.org/pid/25/9994.xml
250-2789,https://dblp.uni-trier.de/pid/250/2789.xml
251-9524,https://dblp.uni-trier.de/pid/251/9524.xml
254-0972,https://dblp.org/pid/254/0972.xml
256-9091,https://dblp.org/pid/256/9091.xml
26-101,https://dblp.org/pid/26/101.xml
26-11046,https://dblp.org/pid/26/11046.xml
26-1194-23,https://dblp.org/pid/26/1194-23.xml
26-2579,https://dblp.org/pid/26/2579.xml
26-3914,https://dblp.org/pid/26/3914.xml
26-5170,https://dblp.org/pid/26/5170.xml
26-5304,https://dblp.org/pid/26/5304.xml
26-6037,https://dblp.uni-trier.de/pid/26/6037.xml
263-9205-1,https://dblp.org/pid/263/9205-1.xml
267-9406-2,https://dblp.org/pid/267/9406-2.xml
27-104-1,https://dblp.org/pid/27/104-1.xml
27-2143,https://dblp.org/pid/27/2143.xml
27-229-2,https://dblp.org/pid/27/229-2.xml
27-3367-5,https://dblp.uni-trier.de/pid/27/3367-5.xml
27-3375,https://dblp.org/pid/27/3375.xml
272-4065,https://dblp.org/pid/272/4065.xml
28-10108,https://dblp.org/pid/28/10108.xml
28-10261-3,https://dblp.org/pid/28/10261-3.xml
28-1062,https://dblp.org/pid/28/1062.xml
28-3797,https://dblp.uni-trier.de/pid/28/3797.xml
28-3904,https://dblp.org/pid/28/3904.xml
28-949-1,https://dblp.org/pid/28/949-1.xml
29-11192,https://dblp.org/pid/29/11192.xml
29-2701,https://dblp.org/pid/29/2701.xml
29-2979,https://dblp.org/pid/29/2979.xml
29-3483,https://dblp.uni-trier.de/pid/29/3483.xml
29-5841,https://dblp.uni-trier.de/pid/29/5841.xml
29-7184,https://dblp.org/pid/29/7184.xml
30-1186,https://dblp.org/pid/30/1186.xml
30-7183,https://dblp.org/pid/30/7183.xml
30-841,https://dblp.org/pid/30/841.xml
30-9823,https://dblp.org/pid/30/9823.xml
31-11538,https://dblp.org/pid/31/11538.xml
31-3455,https://dblp.org/pid/31/3455.xml
31-9364,https://dblp.org/pid/31/9364.xml
315-0861,https://dblp.org/pid/315/0861.xml
32-1624,https://dblp.org/pid/32/1624.xml
32-6122,https://dblp.uni-trier.de/pid/32/6122.xml
32-7263,https://dblp.org/pid/32/7263.xml
32-858,https://dblp.org/pid/32/858.xml
33-11343,https://dblp.org/pid/33/11343.xml
33-1882,https://dblp.org/pid/33/1882.xml
33-1903,https://dblp.org/pid/33/1903.xml
33-2952,https://dblp.org/pid/33/2952.xml
33-3180,https://dblp.org/pid/33/3180.xml
33-4411,https://dblp.org/pid/33/4411.xml
33-4822-12,https://dblp.org/pid/33/4822-12.xml
33-6315-1,https://dblp.org/pid/33/6315-1.xml
33-6749,https://dblp.uni-trier.de/pid/33/6749.xml
330-0760,https://dblp.org/pid/330/0760.xml
34-508,https://dblp.org/pid/34/508.xml
34-5594,https://dblp.org/pid/34/5594.xml
34-5936,https://dblp.org/pid/34/5936.xml
34-6253,https://dblp.org/pid/34/6253.xml
34-6522-1,https://dblp.org/pid/34/6522-1.xml
35-1895-1,https://dblp.uni-trier.de/pid/35/1895-1.xml
35-3834,https://dblp.org/pid/35/3834.xml
35-6569,https://dblp.uni-trier.de/pid/35/6569.xml
35-7092-30,https://dblp.org/pid/35/7092-30.xml
35-7092-59,https://dblp.org/pid/35/7092-59.xml
36-10568,https://dblp.org/pid/36/10568.xml
36-195,https://dblp.org/pid/36/195.xml
36-2133,https://dblp.uni-trier.de/pid/36/2133.xml
37-10133-3,https://dblp.uni-trier.de/pid/37/10133-3.xml
37-11078,https://dblp.org/pid/37/11078.xml
37-3024,https://dblp.org/pid/37/3024.xml
37-3868,https://dblp.org/pid/37/3868.xml
37-548,https://dblp.org/pid/37/548.xml
37-640,https://dblp.org/pid/37/640.xml
38-2946,https://dblp.org/pid/38/2946.xml
38-3523,https://dblp.org/pid/38/3523.xml
38-4395,https://dblp.org/pid/38/4395.xml
38-4801,https://dblp.org/pid/38/4801.xml
38-4996,https://dblp.org/pid/38/4996.xml
38-768,https://dblp.org/pid/38/768.xml
38-8707,https://dblp.uni-trier.de/pid/38/8707.xml
38-8845,https://dblp.uni-trier.de/pid/38/8845.xml
39-3530-1,https://dblp.org/pid/39/3530-1.xml
39-5361,https://dblp.org/pid/39/5361.xml
39-7035,https://dblp.org/pid/39/7035.xml
39-7183,https://dblp.org/pid/39/7183.xml
40-1491-33,https://dblp.org/pid/40/1491-33.xml
40-2161,https://dblp.org/pid/40/2161.xml
40-2808,https://dblp.uni-trier.de/pid/40/2808.xml
40-3179,https://dblp.org/pid/40/3179.xml
40-4987,https://dblp.org/pid/40/4987.xml
40-6300,https://dblp.org/pid/40/6300.xml
41-1074-1,https://dblp.org/pid/41/1074-1.xml
41-3679,https://dblp.org/pid/41/3679.xml
41-422,https://dblp.org/pid/41/422.xml
41-5564,https://dblp.uni-trier.de/pid/41/5564.xml
41-7272,https://dblp.org/pid/41/7272.xml
41-9728,https://dblp.org/pid/41/9728.xml
42-3296,https://dblp.uni-trier.de/pid/42/3296.xml
42-4419,https://dblp.org/pid/42/4419.xml
42-4903,https://dblp.org/pid/42/4903.xml
42-5855,https://dblp.org/pid/42/5855.xml
42-904,https://dblp.uni-trier.de/pid/42/904.xml
43-1219-1,https://dblp.org/pid/43/1219-1.xml
43-2286,https://dblp.uni-trier.de/pid/43/2286.xml
43-5188,https://dblp.org/pid/43/5188.xml
43-6576,https://dblp.org/pid/43/6576.xml
43-6688,https://dblp.org/pid/43/6688.xml
44-2379,https://dblp.org/pid/44/2379.xml
44-4775-2,https://dblp.org/pid/44/4775-2.xml
45-1559,https://dblp.uni-trier.de/pid/45/1559.xml
45-2495,https://dblp.org/pid/45/2495.xml
45-47-1,https://dblp.org/pid/45/47-1.xml
45-4887,https://dblp.org/pid/45/4887.xml
45-8097,https://dblp.org/pid/45/8097.xml
46-1330,https://dblp.uni-trier.de/pid/46/1330.xml
46-2884,https://dblp.org/pid/46/2884.xml
46-3522,https://dblp.org/pid/46/3522.xml
46-8779,https://dblp.org/pid/46/8779.xml
46-968,https://dblp.uni-trier.de/pid/46/968.xml
47-179,https://dblp.uni-trier.de/pid/47/179.xml
47-3542-1,https://dblp.org/pid/47/3542-1.xml
47-8816,https://dblp.org/pid/47/8816.xml
47-9855,https://dblp.org/pid/47/9855.xml
48-10806,https://dblp.org/pid/48/10806.xml
48-1294-7,https://dblp.org/pid/48/1294-7.xml
48-1707,https://dblp.org/pid/48/1707.xml
48-2626-1,https://dblp.org/pid/48/2626-1.xml
48-5154,https://dblp.org/pid/48/5154.xml
49-10034,https://dblp.org/pid/49/10034.xml
49-1457-2,https://dblp.uni-trier.de/pid/49/1457-2.xml
49-612,https://dblp.uni-trier.de/pid/49/612.xml
49-6363,https://dblp.org/pid/49/6363.xml
49-6395,https://dblp.org/pid/49/6395.xml
49-8024,https://dblp.org/pid/49/8024.xml
49-8316,https://dblp.org/pid/49/8316.xml
50-10703,https://dblp.org/pid/50/10703.xml
50-3402-1,https://dblp.org/pid/50/3402-1.xml
50-4597,https://dblp.org/pid/50/4597.xml
50-5895,https://dblp.org/pid/50/5895.xml
50-7626,https://dblp.org/pid/50/7626.xml
51-10288,https://dblp.org/pid/51/10288.xml
51-1742,https://dblp.org/pid/51/1742.xml
51-2627,https://dblp.org/pid/51/2627.xml
51-3529-1,https://dblp.uni-trier.de/pid/51/3529-1.xml
51-394-1,https://dblp.org/pid/51/394-1.xml
51-5585,https://dblp.org/pid/51/5585.xml
51-5793,https://dblp.org/pid/51/5793.xml
51-6689,https://dblp.org/pid/51/6689.xml
51-792-2,https://dblp.uni-trier.de/pid/51/792-2.xml
52-1382,https://dblp.org/pid/52/1382.xml
52-1486,https://dblp.org/pid/52/1486.xml
52-4954-1,https://dblp.org/pid/52/4954-1.xml
52-6414,https://dblp.org/pid/52/6414.xml
52-6987,https://dblp.org/pid/52/6987.xml
52-8700,https://dblp.uni-trier.de/pid/52/8700.xml
52-9457,https://dblp.org/pid/52/9457.xml
53-7986,https://dblp.org/pid/53/7986.xml
54-1720,https://dblp.org/pid/54/1720.xml
54-3265,https://dblp.org/pid/54/3265.xml
54-385-1,https://dblp.org/pid/54/385-1.xml
54-6752,https://dblp.org/pid/54/6752.xml
55-1967,https://dblp.org/pid/55/1967.xml
55-3364,https://dblp.org/pid/55/3364.xml
55-5031,https://dblp.org/pid/55/5031.xml
55-5690,https://dblp.org/pid/55/5690.xml
55-6899,https://dblp.uni-trier.de/pid/55/6899.xml
55-9613,https://dblp.org/pid/55/9613.xml
56-10886,https://dblp.org/pid/56/10886.xml
56-2998-1,https://dblp.org/pid/56/2998-1.xml
56-3378,https://dblp.org/pid/56/3378.xml
56-451,https://dblp.org/pid/56/451.xml
56-4585,https://dblp.org/pid/56/4585.xml
56-6651,https://dblp.org/pid/56/6651.xml
56-7016,https://dblp.org/pid/56/7016.xml
56-7911,https://dblp.org/pid/56/7911.xml
57-10514,https://dblp.org/pid/57/10514.xml
57-4384-1,https://dblp.uni-trier.de/pid/57/4384-1.xml
57-7247,https://dblp.org/pid/57/7247.xml
58-10813,https://dblp.org/pid/58/10813.xml
58-1327,https://dblp.org/pid/58/1327.xml
58-1388,https://dblp.org/pid/58/1388.xml
58-3771,https://dblp.org/pid/58/3771.xml
58-4127,https://dblp.uni-trier.de/pid/58/4127.xml
58-6066,https://dblp.org/pid/58/6066.xml
59-1952,https://dblp.org/pid/59/1952.xml
59-2081,https://dblp.org/pid/59/2081.xml
59-3814,https://dblp.uni-trier.de/pid/59/3814.xml
59-5146,https://dblp.uni-trier.de/pid/59/5146.xml
59-6952,https://dblp.org/pid/59/6952.xml
59-7992,https://dblp.org/pid/59/7992.xml
60-2319,https://dblp.org/pid/60/2319.xml
60-7439,https://dblp.org/pid/60/7439.xml
61-1573,https://dblp.org/pid/61/1573.xml
61-3091,https://dblp.org/pid/61/3091.xml
61-3197,https://dblp.org/pid/61/3197.xml
61-3234,https://dblp.uni-trier.de/pid/61/3234.xml
61-3251,https://dblp.org/pid/61/3251.xml
61-5238,https://dblp.uni-trier.de/pid/61/5238.xml
62-1373,https://dblp.org/pid/62/1373.xml
62-150,https://dblp.org/pid/62/150.xml
62-2450,https://dblp.org/pid/62/2450.xml
62-5169,https://dblp.org/pid/62/5169.xml
63-3664,https://dblp.uni-trier.de/pid/63/3664.xml
63-5512,https://dblp.org/pid/63/5512.xml
63-9828,https://dblp.org/pid/63/9828.xml
63-9993,https://dblp.org/pid/63/9993.xml
64-1071-1,https://dblp.uni-trier.de/pid/64/1071-1.xml
64-146,https://dblp.org/pid/64/146.xml
64-3041,https://dblp.org/pid/64/3041.xml
65-1457,https://dblp.org/pid/65/1457.xml
65-3446,https://dblp.org/pid/65/3446.xml
65-5338,https://dblp.org/pid/65/5338.xml
65-6758,https://dblp.uni-trier.de/pid/65/6758.xml
66-2556,https://dblp.uni-trier.de/pid/66/2556.xml
66-3005,https://dblp.org/pid/66/3005.xml
66-3027,https://dblp.uni-trier.de/pid/66/3027.xml
66-5923-8,https://dblp.org/pid/66/5923-8.xml
66-6919,https://dblp.org/pid/66/6919.xml
66-8700,https://dblp.org/pid/66/8700.xml
66-974,https://dblp.org/pid/66/974.xml
67-1328-10,https://dblp.org/pid/67/1328-10.xml
67-2583,https://dblp.org/pid/67/2583.xml
67-2933,https://dblp.org/pid/67/2933.xml
67-4834-4,https://dblp.uni-trier.de/pid/67/4834-4.xml
67-6383-1,https://dblp.org/pid/67/6383-1.xml
67-6415,https://dblp.uni-trier.de/pid/67/6415.xml
67-6469,https://dblp.uni-trier.de/pid/67/6469.xml
68-11145,https://dblp.org/pid/68/11145.xml
68-1297,https://dblp.org/pid/68/1297.xml
68-1677,https://dblp.uni-trier.de/pid/68/1677.xml
68-3004,https://dblp.org/pid/68/3004.xml
68-3366,https://dblp.org/pid/68/3366.xml
68-5894,https://dblp.org/pid/68/5894.xml
68-6119,https://dblp.org/pid/68/6119.xml
68-7553-1,https://dblp.org/pid/68/7553-1.xml
69-1215-1,https://dblp.uni-trier.de/pid/69/1215-1.xml
69-157-1,https://dblp.org/pid/69/157-1.xml
69-159,https://dblp.org/pid/69/159.xml
69-339-1,https://dblp.uni-trier.de/pid/69/339-1.xml
69-3405-1,https://dblp.org/pid/69/3405-1.xml
69-6680,https://dblp.uni-trier.de/pid/69/6680.xml
69-9726,https://dblp.org/pid/69/9726.xml
70-11145,https://dblp.org/pid/70/11145.xml
70-2659,https://dblp.uni-trier.de/pid/70/2659.xml
70-4688,https://dblp.uni-trier.de/pid/70/4688.xml
70-6404,https://dblp.uni-trier.de/pid/70/6404.xml
70-6862,https://dblp.org/pid/70/6862.xml
70-9686,https://dblp.org/pid/70/9686.xml
71-11498,https://dblp.org/pid/71/11498.xml
71-1647,https://dblp.uni-trier.de/pid/71/1647.xml
71-5578,https://dblp.org/pid/71/5578.xml
71-5974,https://dblp.org/pid/71/5974.xml
71-7422,https://dblp.org/pid/71/7422.xml
71-8700-1,https://dblp.org/pid/71/8700-1.xml
71-9649,https://dblp.org/pid/71/9649.xml
72-36,https://dblp.org/pid/72/36.xml
72-4662,https://dblp.uni-trier.de/pid/72/4662.xml
72-7456,https://dblp.org/pid/72/7456.xml
73-2015,https://dblp.org/pid/73/2015.xml
73-2496,https://dblp.uni-trier.de/pid/73/2496.xml
73-343,https://dblp.org/pid/73/343.xml
73-3928-1,https://dblp.org/pid/73/3928-1.xml
73-6114,https://dblp.org/pid/73/6114.xml
73-6460,https://dblp.org/pid/73/6460.xml
74-20,https://dblp.org/pid/74/20.xml
74-2905,https://dblp.org/pid/74/2905.xml
74-3195,https://dblp.org/pid/74/3195.xml
74-3608-6,https://dblp.org/pid/74/3608-6.xml
74-5694,https://dblp.uni-trier.de/pid/74/5694.xml
74-6086,https://dblp.uni-trier.de/pid/74/6086.xml
74-9877,https://dblp.org/pid/74/9877.xml
75-3108,https://dblp.org/pid/75/3108.xml
75-3512,https://dblp.org/pid/75/3512.xml
75-5002,https://dblp.org/pid/75/5002.xml
75-5478,https://dblp.uni-trier.de/pid/75/5478.xml
75-6588-3,https://dblp.uni-trier.de/pid/75/6588-3.xml
75-887,https://dblp.org/pid/75/887.xml
75-9436,https://dblp.org/pid/75/9436.xml
76-1735,https://dblp.org/pid/76/1735.xml
76-1783,https://dblp.org/pid/76/1783.xml
76-1820-20,https://dblp.uni-trier.de/pid/76/1820-20.xml
76-185-3,https://dblp.org/pid/76/185-3.xml
76-3160-2,https://dblp.org/pid/76/3160-2.xml
76-322,https://dblp.org/pid/76/322.xml
76-3961,https://dblp.org/pid/76/3961.xml
76-6735,https://dblp.org/pid/76/6735.xml
77-1485,https://dblp.org/pid/77/1485.xml
77-1703,https://dblp.uni-trier.de/pid/77/1703.xml
77-1985,https://dblp.org/pid/77/1985.xml
77-2970-1,https://dblp.org/pid/77/2970-1.xml
77-3753,https://dblp.org/pid/77/3753.xml
77-377-2,https://dblp.uni-trier.de/pid/77/377-2.xml
77-4620,https://dblp.org/pid/77/4620.xml
77-4933,https://dblp.org/pid/77/4933.xml
77-5034,https://dblp.uni-trier.de/pid/77/5034.xml
77-5283,https://dblp.org/pid/77/5283.xml
77-6778,https://dblp.org/pid/77/6778.xml
78-4413,https://dblp.org/pid/78/4413.xml
78-459-2,https://dblp.uni-trier.de/pid/78/459-2.xml
78-5231,https://dblp.uni-trier.de/pid/78/5231.xml
78-8779,https://dblp.org/pid/78/8779.xml
79-11278,https://dblp.uni-trier.de/pid/79/11278.xml
79-1490,https://dblp.org/pid/79/1490.xml
79-3108,https://dblp.org/pid/79/3108.xml
79-9544,https://dblp.org/pid/79/9544.xml
80-10462,https://dblp.org/pid/80/10462.xml
80-1651-2,https://dblp.uni-trier.de/pid/80/1651-2.xml
80-2320,https://dblp.org/pid/80/2320.xml
80-2651,https://dblp.org/pid/80/2651.xml
80-2732,https://dblp.org/pid/80/2732.xml
80-3560,https://dblp.org/pid/80/3560.xml
80-4136,https://dblp.org/pid/80/4136.xml
80-468,https://dblp.org/pid/80/468.xml
80-4976,https://dblp.org/pid/80/4976.xml
80-594,https://dblp.org/pid/80/594.xml
80-6521,https://dblp.org/pid/80/6521.xml
80-6889,https://dblp.org/pid/80/6889.xml
80-8429,https://dblp.org/pid/80/8429.xml
81-10470,https://dblp.org/pid/81/10470.xml
81-10578,https://dblp.org/pid/81/10578.xml
81-1832-2,https://dblp.org/pid/81/1832-2.xml
81-3390-1,https://dblp.org/pid/81/3390-1.xml
81-4388,https://dblp.org/pid/81/4388.xml
81-6181,https://dblp.org/pid/81/6181.xml
81-940,https://dblp.uni-trier.de/pid/81/940.xml
81-9436-1,https://dblp.org/pid/81/9436-1.xml
82-11411,https://dblp.org/pid/82/11411.xml
82-1740,https://dblp.org/pid/82/1740.xml
82-231,https://dblp.org/pid/82/231.xml
82-4089,https://dblp.org/pid/82/4089.xml
82-4206-11,https://dblp.org/pid/82/4206-11.xml
82-4386,https://dblp.uni-trier.de/pid/82/4386.xml
82-4977-3,https://dblp.uni-trier.de/pid/82/4977-3.xml
82-6362-1,https://dblp.org/pid/82/6362-1.xml
82-7402,https://dblp.org/pid/82/7402.xml
82-9876,https://dblp.org/pid/82/9876.xml
83-11148,https://dblp.org/pid/83/11148.xml
83-2389-1,https://dblp.org/pid/83/2389-1.xml
83-2426,https://dblp.uni-trier.de/pid/83/2426.xml
83-4809-2,https://dblp.org/pid/83/4809-2.xml
83-5342-6,https://dblp.uni-trier.de/pid/83/5342-6.xml
83-741,https://dblp.org/pid/83/741.xml
83-7998,https://dblp.org/pid/83/7998.xml
83-8652,https://dblp.org/pid/83/8652.xml
83-9923,https://dblp.org/pid/83/9923.xml
84-114,https://dblp.org/pid/84/114.xml
84-2055,https://dblp.org/pid/84/2055.xml
84-2154,https://dblp.uni-trier.de/pid/84/2154.xml
84-2644,https://dblp.uni-trier.de/pid/84/2644.xml
84-3254-5,https://dblp.org/pid/84/3254-5.xml
85-1868,https://dblp.org/pid/85/1868.xml
85-1868-11,https://dblp.org/pid/85/1868-11.xml
85-1868-7,https://dblp.org/pid/85/1868-7.xml
85-318,https://dblp.org/pid/85/318.xml
85-5637-1,https://dblp.uni-trier.de/pid/85/5637-1.xml
85-7967,https://dblp.org/pid/85/7967.xml
85-9079,https://dblp.org/pid/85/9079.xml
86-1723,https://dblp.org/pid/86/1723.xml
86-1747,https://dblp.org/pid/86/1747.xml
86-508-2,https://dblp.org/pid/86/508-2.xml
86-9726,https://dblp.org/pid/86/9726.xml
87-10957,https://dblp.org/pid/87/10957.xml
87-11444,https://dblp.org/pid/87/11444.xml
87-6573,https://dblp.uni-trier.de/pid/87/6573.xml
87-7541,https://dblp.org/pid/87/7541.xml
87-819-1,https://dblp.uni-trier.de/pid/87/819-1.xml
87-8324,https://dblp.org/pid/87/8324.xml
88-1081,https://dblp.org/pid/88/1081.xml
88-2433,https://dblp.uni-trier.de/pid/88/2433.xml
88-6466-1,https://dblp.uni-trier.de/pid/88/6466-1.xml
88-6520,https://dblp.uni-trier.de/pid/88/6520.xml
88-9060,https://dblp.org/pid/88/9060.xml
88-995,https://dblp.uni-trier.de/pid/88/995.xml
89-211,https://dblp.org/pid/89/211.xml
89-2506-2,https://dblp.org/pid/89/2506-2.xml
89-2619,https://dblp.org/pid/89/2619.xml
89-6013,https://dblp.org/pid/89/6013.xml
89-6071,https://dblp.uni-trier.de/pid/89/6071.xml
89-6502,https://dblp.uni-trier.de/pid/89/6502.xml
89-9935,https://dblp.org/pid/89/9935.xml
90-1415,https://dblp.org/pid/90/1415.xml
90-2736,https://dblp.org/pid/90/2736.xml
90-514-1,https://dblp.org/pid/90/514-1.xml
90-5236-1,https://dblp.org/pid/90/5236-1.xml
90-7457,https://dblp.org/pid/90/7457.xml
90-7704,https://dblp.org/pid/90/7704.xml
90-7879,https://dblp.org/pid/90/7879.xml
91-275,https://dblp.org/pid/91/275.xml
91-6078,https://dblp.uni-trier.de/pid/91/6078.xml
91-7584,https://dblp.org/pid/91/7584.xml
92-2820,https://dblp.org/pid/92/2820.xml
92-6085,https://dblp.org/pid/92/6085.xml
92-6981,https://dblp.uni-trier.de/pid/92/6981.xml
92-9686,https://dblp.org/pid/92/9686.xml
93-5196,https://dblp.org/pid/93/5196.xml
93-9012,https://dblp.org/pid/93/9012.xml
93-9883,https://dblp.org/pid/93/9883.xml
94-1028,https://dblp.org/pid/94/1028.xml
94-10440,https://dblp.org/pid/94/10440.xml
94-2844,https://dblp.org/pid/94/2844.xml
94-3019-45,https://dblp.org/pid/94/3019-45.xml
94-4438,https://dblp.uni-trier.de/pid/94/4438.xml
94-5893,https://dblp.org/pid/94/5893.xml
95-9170,https://dblp.org/pid/95/9170.xml
95-9990,https://dblp.uni-trier.de/pid/95/9990.xml
96-11411,https://dblp.org/pid/96/11411.xml
96-2418,https://dblp.org/pid/96/2418.xml
96-3253,https://dblp.org/pid/96/3253.xml
96-361-8,https://dblp.uni-trier.de/pid/96/361-8.xml
96-3834,https://dblp.uni-trier.de/pid/96/3834.xml
96-4724,https://dblp.org/pid/96/4724.xml
96-4770,https://dblp.org/pid/96/4770.xml
96-7128,https://dblp.org/pid/96/7128.xml
96-8522,https://dblp.org/pid/96/8522.xml
96-8654,https://dblp.uni-trier.de/pid/96/8654.xml
96-8919,https://dblp.org/pid/96/8919.xml
97-3036,https://dblp.uni-trier.de/pid/97/3036.xml
97-5147,https://dblp.uni-trier.de/pid/97/5147.xml
97-5585,https://dblp.uni-trier.de/pid/97/5585.xml
97-919-1,https://dblp.org/pid/97/919-1.xml
97-9726,https://dblp.org/pid/97/9726.xml
98-2324,https://dblp.org/pid/98/2324.xml
98-3414-1,https://dblp.org/pid/98/3414-1.xml
98-4432-3,https://dblp.org/pid/98/4432-3.xml
98-5766-1,https://dblp.org/pid/98/5766-1.xml
98-6613-15,https://dblp.uni-trier.de/pid/98/6613-15.xml
98-6876,https://dblp.org/pid/98/6876.xml
98-7136,https://dblp.org/pid/98/7136.xml
98-7258,https://dblp.org/pid/98/7258.xml
99-2497,https://dblp.org/pid/99/2497.xml
99-5856,https://dblp.org/pid/99/5856.xml
99-6349,https://dblp.org/pid/99/6349.xml
a-AmrElAbbadi,https://dblp.org/pid/a/AmrElAbbadi.xml
a-AnastassiaAilamaki,https://dblp.uni-trier.de/pid/a/AnastassiaAilamaki.xml
a-BAmann,https://dblp.org/pid/a/BAmann.xml
a-DJAbadi,https://dblp.org/pid/a/DJAbadi.xml
a-DivyakantAgrawal,https://dblp.org/pid/a/DivyakantAgrawal.xml
a-FotoNAfrati,https://dblp.org/pid/a/FotoNAfrati.xml
a-GustavoAlonso,https://dblp.org/pid/a/GustavoAlonso.xml
a-IraAssent,https://dblp.org/pid/a/IraAssent.xml
a-KarlAberer,https://dblp.uni-trier.de/pid/a/KarlAberer.xml
a-LyublenaAntova,https://dblp.org/pid/a/LyublenaAntova.xml
a-PAtzeni,https://dblp.org/pid/a/PAtzeni.xml
a-PankajKAgarwal,https://dblp.uni-trier.de/pid/a/PankajKAgarwal.xml
a-TAmagasa,https://dblp.org/pid/a/TAmagasa.xml
a-WGAref,https://dblp.org/pid/a/WGAref.xml
b-ABonifati,https://dblp.uni-trier.de/pid/b/ABonifati.xml
b-CBhattacharyya,https://dblp.org/pid/b/CBhattacharyya.xml
b-ChristianBizer,https://dblp.org/pid/b/ChristianBizer.xml
b-ElisaBertino,https://dblp.uni-trier.de/pid/b/ElisaBertino.xml
b-FBonchi,https://dblp.uni-trier.de/pid/b/FBonchi.xml
b-IlariaBartolini,https://dblp.org/pid/b/IlariaBartolini.xml
b-IndrajitBhattacharya,https://dblp.org/pid/b/IndrajitBhattacharya.xml
b-KenBarker1,https://dblp.org/pid/b/KenBarker1.xml
b-LEBertossi,https://dblp.org/pid/b/LEBertossi.xml
b-LucBouganim,https://dblp.uni-trier.de/pid/b/LucBouganim.xml
b-MagdalenaBalazinska,https://dblp.org/pid/b/MagdalenaBalazinska.xml
b-MarcoBrambilla,https://dblp.org/pid/b/MarcoBrambilla.xml
b-MichaelHBohlen,https://dblp.uni-trier.de/pid/b/MichaelHBohlen.xml
b-PBonnet,https://dblp.org/pid/b/PBonnet.xml
b-PeterABoncz,https://dblp.org/pid/b/PeterABoncz.xml
b-PhilipABernstein,https://dblp.org/pid/b/PhilipABernstein.xml
b-SBressan,https://dblp.uni-trier.de/pid/b/SBressan.xml
b-SSBhowmick,https://dblp.org/pid/b/SSBhowmick.xml
b-SrikantaJBedathur,https://dblp.uni-trier.de/pid/b/SrikantaJBedathur.xml
c-ALPChen,https://dblp.org/pid/c/ALPChen.xml
c-AndreaCali,https://dblp.uni-trier.de/pid/c/AndreaCali.xml
c-CarloCurino,https://dblp.org/pid/c/CarloCurino.xml
c-CheeYongChan,https://dblp.uni-trier.de/pid/c/CheeYongChan.xml
c-DarioColazzo,https://dblp.uni-trier.de/pid/c/DarioColazzo.xml
c-GVCormack,https://dblp.org/pid/c/GVCormack.xml
c-GrahamCormode,https://dblp.org/pid/c/GrahamCormode.xml
c-IFCruz,https://dblp.org/pid/c/IFCruz.xml
c-IngemarJCox,https://dblp.org/pid/c/IngemarJCox.xml
c-KCCChang,https://dblp.uni-trier.de/pid/c/KCCChang.xml
c-LeiChen0002,https://dblp.org/pid/c/LeiChen0002.xml
c-MaxChevalier,https://dblp.uni-trier.de/pid/c/MaxChevalier.xml
c-PKChrysanthis,https://dblp.uni-trier.de/pid/c/PKChrysanthis.xml
c-SaraCohen,https://dblp.uni-trier.de/pid/c/SaraCohen.xml
c-ShiminChen,https://dblp.org/pid/c/ShiminChen.xml
c-ShuChingChen,https://dblp.uni-trier.de/pid/c/ShuChingChen.xml
c-SurajitChaudhuri,https://dblp.uni-trier.de/pid/c/SurajitChaudhuri.xml
c-ToonCalders,https://dblp.uni-trier.de/pid/c/ToonCalders.xml
c-UgurCetintemel,https://dblp.org/pid/c/UgurCetintemel.xml
c-VTChakaravarthy,https://dblp.uni-trier.de/pid/c/VTChakaravarthy.xml
c-VassilisChristophides,https://dblp.org/pid/c/VassilisChristophides.xml
c-WeiChen1,https://dblp.org/pid/c/WeiChen1.xml
c-YeowMengChee,https://dblp.org/pid/c/YeowMengChee.xml
d-ADeligiannakis,https://dblp.org/pid/d/ADeligiannakis.xml
d-AlinDeutsch,https://dblp.org/pid/d/AlinDeutsch.xml
d-AmolDeshpande,https://dblp.org/pid/d/AmolDeshpande.xml
d-AnHaiDoan,https://dblp.org/pid/d/AnHaiDoan.xml
d-CEDyreson,https://dblp.uni-trier.de/pid/d/CEDyreson.xml
d-GDobbie,https://dblp.org/pid/d/GDobbie.xml
d-JDomingoFerrer,https://dblp.uni-trier.de/pid/d/JDomingoFerrer.xml
d-JensPeterDittrich,https://dblp.org/pid/d/JensPeterDittrich.xml
d-KhuzaimaDaudjee,https://dblp.org/pid/d/KhuzaimaDaudjee.xml
d-XinLunaDong,https://dblp.uni-trier.de/pid/d/XinLunaDong.xml
f-EdwardAFox,https://dblp.uni-trier.de/pid/f/EdwardAFox.xml
f-ElenaFerrari,https://dblp.org/pid/f/ElenaFerrari.xml
f-GeorgeHLFletcher,https://dblp.org/pid/f/GeorgeHLFletcher.xml
f-HFerhatosmanoglu,https://dblp.uni-trier.de/pid/f/HFerhatosmanoglu.xml
f-JAFernandesdeMacedo,https://dblp.uni-trier.de/pid/f/JAFernandesdeMacedo.xml
f-JCFreytag,https://dblp.uni-trier.de/pid/f/JCFreytag.xml
f-JulianaFreire,https://dblp.org/pid/f/JulianaFreire.xml
f-MJFranklin,https://dblp.org/pid/f/MJFranklin.xml
g-AristidesGionis,https://dblp.uni-trier.de/pid/g/AristidesGionis.xml
g-DimitriosGunopulos,https://dblp.org/pid/g/DimitriosGunopulos.xml
g-FlorisGeerts,https://dblp.org/pid/g/FlorisGeerts.xml
g-GoetzGraefe,https://dblp.org/pid/g/GoetzGraefe.xml
g-JohannesGehrke,https://dblp.org/pid/g/JohannesGehrke.xml
g-JonathanGoldstein,https://dblp.uni-trier.de/pid/g/JonathanGoldstein.xml
g-ManishGupta1,https://dblp.org/pid/g/ManishGupta1.xml
g-MatteoGolfarelli,https://dblp.org/pid/g/MatteoGolfarelli.xml
g-MinosNGarofalakis,https://dblp.org/pid/g/MinosNGarofalakis.xml
g-PGeneves,https://dblp.org/pid/g/PGeneves.xml
g-PaoloGarza,https://dblp.org/pid/g/PaoloGarza.xml
g-ParkeGodfrey,https://dblp.org/pid/g/ParkeGodfrey.xml
g-SGhandeharizadeh,https://dblp.uni-trier.de/pid/g/SGhandeharizadeh.xml
g-SergioGreco,https://dblp.uni-trier.de/pid/g/SergioGreco.xml
g-TorstenGrust,https://dblp.org/pid/g/TorstenGrust.xml
h-AlonYHalevy,https://dblp.uni-trier.de/pid/h/AlonYHalevy.xml
h-AndreasHotho,https://dblp.org/pid/h/AndreasHotho.xml
h-BillHowe,https://dblp.org/pid/h/BillHowe.xml
h-BingshengHe,https://dblp.org/pid/h/BingshengHe.xml
h-JaakkoHollmen,https://dblp.uni-trier.de/pid/h/JaakkoHollmen.xml
h-KatjaHose,https://dblp.uni-trier.de/pid/h/KatjaHose.xml
h-OktieHassanzadeh,https://dblp.uni-trier.de/pid/h/OktieHassanzadeh.xml
h-PeterJHaas,https://dblp.org/pid/h/PeterJHaas.xml
h-SvenHartmann,https://dblp.org/pid/h/SvenHartmann.xml
h-SvenHelmer,https://dblp.uni-trier.de/pid/h/SvenHelmer.xml
h-WynneHsu,https://dblp.org/pid/h/WynneHsu.xml
i-IhabFIlyas,https://dblp.uni-trier.de/pid/i/IhabFIlyas.xml
i-StratosIdreos,https://dblp.org/pid/i/StratosIdreos.xml
i-ZacharyGIves,https://dblp.org/pid/i/ZacharyGIves.xml
j-AdamJatowt,https://dblp.uni-trier.de/pid/j/AdamJatowt.xml
j-BjornTorJonsson1,https://dblp.uni-trier.de/pid/j/BjornTorJonsson1.xml
j-CVJawahar,https://dblp.org/pid/j/CVJawahar.xml
j-ChrisJermaine,https://dblp.org/pid/j/ChrisJermaine.xml
j-ChristianSJensen,https://dblp.uni-trier.de/pid/j/ChristianSJensen.xml
j-GabrielaJacquesSilva,https://dblp.org/pid/j/GabrielaJacquesSilva.xml
j-HVJagadish,https://dblp.uni-trier.de/pid/j/HVJagadish.xml
k-AlfonsKemper,https://dblp.org/pid/k/AlfonsKemper.xml
k-BKonigRies,https://dblp.uni-trier.de/pid/k/BKonigRies.xml
k-BenKao,https://dblp.org/pid/k/BenKao.xml
k-BettinaKemme,https://dblp.org/pid/k/BettinaKemme.xml
k-ChristophKoch,https://dblp.org/pid/k/ChristophKoch.xml
k-DonaldKossmann,https://dblp.uni-trier.de/pid/k/DonaldKossmann.xml
k-FlipKorn,https://dblp.uni-trier.de/pid/k/FlipKorn.xml
k-GeorgeKollios,https://dblp.uni-trier.de/pid/k/GeorgeKollios.xml
k-GeorgiaKoutrika,https://dblp.org/pid/k/GeorgiaKoutrika.xml
k-HenryFKorth,https://dblp.org/pid/k/HenryFKorth.xml
k-KKarlapalem,https://dblp.org/pid/k/KKarlapalem.xml
k-KarinKailing,https://dblp.org/pid/k/KarinKailing.xml
k-MasaruKitsuregawa,https://dblp.uni-trier.de/pid/k/MasaruKitsuregawa.xml
k-NickKoudas,https://dblp.org/pid/k/NickKoudas.xml
k-VanaKalogeraki,https://dblp.org/pid/k/VanaKalogeraki.xml
k-VerenaKantere,https://dblp.uni-trier.de/pid/k/VerenaKantere.xml
l-ALabrinidis,https://dblp.org/pid/l/ALabrinidis.xml
l-BertramLudascher,https://dblp.org/pid/l/BertramLudascher.xml
l-ChenLi1,https://dblp.org/pid/l/ChenLi1.xml
l-ChengfeiLiu,https://dblp.org/pid/l/ChengfeiLiu.xml
l-FeifeiLi,https://dblp.org/pid/l/FeifeiLi.xml
l-GuoliangLi,https://dblp.org/pid/l/GuoliangLi.xml
l-HuaLu,https://dblp.org/pid/l/HuaLu.xml
l-HuiLi5,https://dblp.org/pid/l/HuiLi5.xml
l-JiahengLu,https://dblp.uni-trier.de/pid/l/JiahengLu.xml
l-JianxinLi,https://dblp.uni-trier.de/pid/l/JianxinLi.xml
l-LinXuemin,https://dblp.uni-trier.de/pid/l/LinXuemin.xml
l-MLatapy,https://dblp.org/pid/l/MLatapy.xml
l-MingLi6,https://dblp.org/pid/l/MingLi6.xml
l-NinghuiLi,https://dblp.org/pid/l/NinghuiLi.xml
l-QiongLuo,https://dblp.org/pid/l/QiongLuo.xml
l-SangWonLee,https://dblp.uni-trier.de/pid/l/SangWonLee.xml
l-UlfLeser,https://dblp.org/pid/l/UlfLeser.xml
l-WLehner,https://dblp.org/pid/l/WLehner.xml
l-XianLian,https://dblp.org/pid/l/XianLian.xml
m-AnimeshMukherjee,https://dblp.org/pid/m/AnimeshMukherjee.xml
m-CMohan,https://dblp.uni-trier.de/pid/m/CMohan.xml
m-DebapriyoMajumdar,https://dblp.org/pid/m/DebapriyoMajumdar.xml
m-HeikoMuller,https://dblp.org/pid/m/HeikoMuller.xml
m-IoanaManolescu,https://dblp.uni-trier.de/pid/m/IoanaManolescu.xml
m-JFMartinez,https://dblp.org/pid/m/JFMartinez.xml
m-JosianeMothe,https://dblp.uni-trier.de/pid/m/JosianeMothe.xml
m-MirellaMouraMoro,https://dblp.org/pid/m/MirellaMouraMoro.xml
m-PabitraMitra,https://dblp.org/pid/m/PabitraMitra.xml
m-PaoloMerialdo,https://dblp.uni-trier.de/pid/m/PaoloMerialdo.xml
m-RJMiller,https://dblp.org/pid/m/RJMiller.xml
m-ReneMuller,https://dblp.org/pid/m/ReneMuller.xml
m-SamuelMadden,https://dblp.org/pid/m/SamuelMadden.xml
m-SharadMehrotra,https://dblp.org/pid/m/SharadMehrotra.xml
m-TanuMalik,https://dblp.uni-trier.de/pid/m/TanuMalik.xml
m-TovaMilo,https://dblp.org/pid/m/TovaMilo.xml
m-VMarkl,https://dblp.org/pid/m/VMarkl.xml
m-WagnerMeiraJr,https://dblp.org/pid/m/WagnerMeiraJr.xml
n-FelixNaumann,https://dblp.uni-trier.de/pid/n/FelixNaumann.xml
n-FrankNeven,https://dblp.org/pid/n/FrankNeven.xml
n-HungQNgo,https://dblp.uni-trier.de/pid/n/HungQNgo.xml
n-JeffreyFNaughton,https://dblp.uni-trier.de/pid/n/JeffreyFNaughton.xml
n-NikosNtarmos,https://dblp.org/pid/n/NikosNtarmos.xml
n-VivekRNarasayya,https://dblp.uni-trier.de/pid/n/VivekRNarasayya.xml
o-BengChinOoi,https://dblp.uni-trier.de/pid/o/BengChinOoi.xml
o-FatmaOzcan,https://dblp.uni-trier.de/pid/o/FatmaOzcan.xml
o-MTamerOzsu,https://dblp.org/pid/o/MTamerOzsu.xml
o-MouradOuzzani,https://dblp.org/pid/o/MouradOuzzani.xml
o-VincentOria,https://dblp.uni-trier.de/pid/o/VincentOria.xml
o-VivianeMoreiraOrengo,https://dblp.org/pid/o/VivianeMoreiraOrengo.xml
p-ANPapadopoulos,https://dblp.org/pid/p/ANPapadopoulos.xml
p-DimitrisPapadias,https://dblp.org/pid/p/DimitrisPapadias.xml
p-EPitoura,https://dblp.org/pid/p/EPitoura.xml
p-IppokratisPandis,https://dblp.org/pid/p/IppokratisPandis.xml
p-JMPetit,https://dblp.org/pid/p/JMPetit.xml
p-JianPei,https://dblp.org/pid/p/JianPei.xml
p-LucianPopa,https://dblp.org/pid/p/LucianPopa.xml
p-NWPaton,https://dblp.uni-trier.de/pid/p/NWPaton.xml
p-NeoklisPolyzotis,https://dblp.org/pid/p/NeoklisPolyzotis.xml
p-OdysseasPapapetrou,https://dblp.org/pid/p/OdysseasPapapetrou.xml
p-PaoloPapotti,https://dblp.org/pid/p/PaoloPapotti.xml
p-TorbenBachPedersen,https://dblp.org/pid/p/TorbenBachPedersen.xml
p-YPapakonstantinou,https://dblp.org/pid/p/YPapakonstantinou.xml
r-CarolinaRuiz,https://dblp.uni-trier.de/pid/r/CarolinaRuiz.xml
r-ChinyaVRavishankar,https://dblp.uni-trier.de/pid/r/ChinyaVRavishankar.xml
r-ChristopherRe,https://dblp.uni-trier.de/pid/r/ChristopherRe.xml
r-DRafiei,https://dblp.org/pid/r/DRafiei.xml
r-EARundensteiner,https://dblp.uni-trier.de/pid/r/EARundensteiner.xml
r-ERahm,https://dblp.org/pid/r/ERahm.xml
r-KARoss,https://dblp.org/pid/r/KARoss.xml
r-LouiqaRaschid,https://dblp.org/pid/r/LouiqaRaschid.xml
r-MatthiasRenz,https://dblp.org/pid/r/MatthiasRenz.xml
r-MayaRamanath,https://dblp.org/pid/r/MayaRamanath.xml
r-MirekRiedewald,https://dblp.uni-trier.de/pid/r/MirekRiedewald.xml
r-UweRohm,https://dblp.uni-trier.de/pid/r/UweRohm.xml
r-VijayshankarRaman,https://dblp.uni-trier.de/pid/r/VijayshankarRaman.xml
s-ASdaSilva,https://dblp.uni-trier.de/pid/s/ASdaSilva.xml
s-ASimitsis,https://dblp.uni-trier.de/pid/s/ASimitsis.xml
s-AmbujKSingh,https://dblp.org/pid/s/AmbujKSingh.xml
s-AnnaCinziaSquicciarini,https://dblp.org/pid/s/AnnaCinziaSquicciarini.xml
s-CyrusShahabi,https://dblp.org/pid/s/CyrusShahabi.xml
s-DanSuciu,https://dblp.org/pid/s/DanSuciu.xml
s-DiveshSrivastava,https://dblp.uni-trier.de/pid/s/DiveshSrivastava.xml
s-IonStoica,https://dblp.org/pid/s/IonStoica.xml
s-JuliaStoyanovich,https://dblp.org/pid/s/JuliaStoyanovich.xml
s-KaiUweSattler,https://dblp.org/pid/s/KaiUweSattler.xml
s-KennethSalem,https://dblp.uni-trier.de/pid/s/KennethSalem.xml
s-MichaelStonebraker,https://dblp.org/pid/s/MichaelStonebraker.xml
s-MohamedASharaf,https://dblp.org/pid/s/MohamedASharaf.xml
s-MonicaScannapieco,https://dblp.org/pid/s/MonicaScannapieco.xml
s-PSamarati,https://dblp.org/pid/s/PSamarati.xml
s-PinarSenkul,https://dblp.org/pid/s/PinarSenkul.xml
s-RalfSchenkel,https://dblp.org/pid/s/RalfSchenkel.xml
s-RenukaSindhgatta,https://dblp.org/pid/s/RenukaSindhgatta.xml
s-SSudarshan1,https://dblp.org/pid/s/SSudarshan1.xml
s-ShashiShekhar,https://dblp.uni-trier.de/pid/s/ShashiShekhar.xml
s-TimosKSellis,https://dblp.org/pid/s/TimosKSellis.xml
t-AnthonyKHTung,https://dblp.org/pid/t/AnthonyKHTung.xml
t-ArashTermehchy,https://dblp.org/pid/t/ArashTermehchy.xml
t-CaetanoTrainaJr,https://dblp.org/pid/t/CaetanoTrainaJr.xml
t-FaroukToumani,https://dblp.org/pid/t/FaroukToumani.xml
t-JensTeubner,https://dblp.uni-trier.de/pid/t/JensTeubner.xml
t-KianLeeTan,https://dblp.org/pid/t/KianLeeTan.xml
t-LetiziaTanca,https://dblp.org/pid/t/LetiziaTanca.xml
t-ManolisTerrovitis,https://dblp.org/pid/t/ManolisTerrovitis.xml
t-MartinTheobald,https://dblp.org/pid/t/MartinTheobald.xml
t-NesimeTatbul,https://dblp.org/pid/t/NesimeTatbul.xml
t-PeterTriantafillou,https://dblp.org/pid/t/PeterTriantafillou.xml
t-RiccardoTorlone,https://dblp.org/pid/t/RiccardoTorlone.xml
t-ValTannen,https://dblp.org/pid/t/ValTannen.xml
t-VincentSMTseng,https://dblp.org/pid/t/VincentSMTseng.xml
t-WangChiewTan,https://dblp.org/pid/t/WangChiewTan.xml
t-YannisTheodoridis,https://dblp.org/pid/t/YannisTheodoridis.xml
v-VVassalos,https://dblp.org/pid/v/VVassalos.xml
v-YannisVelegrakis,https://dblp.uni-trier.de/pid/v/YannisVelegrakis.xml
w-GerhardWeikum,https://dblp.org/pid/w/GerhardWeikum.xml
w-HaixunWang,https://dblp.uni-trier.de/pid/w/HaixunWang.xml
w-JRWen,https://dblp.uni-trier.de/pid/w/JRWen.xml
w-JefWijsen,https://dblp.uni-trier.de/pid/w/JefWijsen.xml
w-KeWang,https://dblp.uni-trier.de/pid/w/KeWang.xml
w-MelanieWeis,https://dblp.org/pid/w/MelanieWeis.xml
w-PeterTWood,https://dblp.uni-trier.de/pid/w/PeterTWood.xml
w-RaymondChiWingWong,https://dblp.org/pid/w/RaymondChiWingWong.xml
w-StevenEuijongWhang,https://dblp.org/pid/w/StevenEuijongWhang.xml
w-WeiWang,https://dblp.org/pid/w/WeiWang.xml
w-WeiWang11,https://dblp.org/pid/w/WeiWang11.xml
w-WeiWang9,https://dblp.org/pid/w/WeiWang9.xml
w-XiaoyangSeanWang,https://dblp.org/pid/w/XiaoyangSeanWang.xml
w-YangWang15,https://dblp.org/pid/w/YangWang15.xml
w-YangWang9,https://dblp.org/pid/w/YangWang9.xml
x-HuiXiong,https://dblp.org/pid/x/HuiXiong.xml
x-JianliangXu,https://dblp.org/pid/x/JianliangXu.xml
y-DanfengYao,https://dblp.org/pid/y/DanfengYao.xml
y-JXuYu,https://dblp.org/pid/y/JXuYu.xml
y-JunYang1,https://dblp.uni-trier.de/pid/y/JunYang1.xml
y-MasatoshiYoshikawa,https://dblp.org/pid/y/MasatoshiYoshikawa.xml
y-XifengYan,https://dblp.org/pid/y/XifengYan.xml
z-AoyingZhou,https://dblp.org/pid/z/AoyingZhou.xml
z-DemetriosZeinalipourYazti,https://dblp.org/pid/z/DemetriosZeinalipourYazti.xml
z-KarineZeitouni,https://dblp.org/pid/z/KarineZeitouni.xml
z-XiaofangZhou,https://dblp.org/pid/z/XiaofangZhou.xml
